25,-107,-1.1607E-07
25,-105,-1.15656E-11
25,99,-0.07089761
25,101,0.77358109
25,103,1.145945037
25,105,-0.316873615
25,107,-0.017391067
25,109,-0.055748322
25,111,-0.034602251
25,113,-0.034391511
25,117,-0.000903268
27,-107,-0.091023837
27,-105,8.42436E-06
27,83,0.594313049
27,85,0.975569761
27,87,0.596828071
27,89,0.746416527
27,91,-0.119359762
27,93,0.283428948
27,95,-0.759159399
27,97,-0.931859268
27,99,-1.544289955
27,101,-1.259771211
27,103,-0.812664822
27,105,-2.315553501
27,107,-0.113529157
27,109,-0.240311068
27,111,-0.146777013
27,113,-0.07684674
27,115,-0.192173316
27,119,-0.289608894
29,-109,-0.540965934
29,-107,-1.057444758
29,-105,0.000321516
29,-103,-2.27133E-05
29,-9,4.16595E-09
29,35,4.13733497
29,53,-0.685623697
29,55,-0.458310259
29,57,-1.215228982
29,59,-1.358843541
29,67,-0.302285492
29,69,-0.004715298
29,79,-0.314012014
29,81,-0.777609074
29,83,0.095053468
29,85,0.625864135
29,87,1.362167463
29,89,0.931525631
29,91,0.868185171
29,93,-0.40946498
29,95,-0.832100265
29,97,-1.00487098
29,99,-1.379990451
29,101,-0.460990707
29,103,-1.159237668
29,105,-1.154832185
29,107,-0.412752537
29,109,-0.650158951
29,111,-0.253032047
29,115,-0.009212829
29,117,-0.004823606
29,119,-0.453819968
31,-111,-0.198592444
31,-109,-0.483087636
31,-107,-0.206707985
31,-105,-0.000664107
31,-89,-3.17609E-09
31,-87,-3.87946E-10
31,-85,-6.07379E-08
31,-7,0.152957083
31,-5,0.0738171
31,49,0.285347962
31,51,-0.789672613
31,53,-0.925828795
31,55,-1.885660804
31,57,-1.853308114
31,59,-1.209179465
31,61,0.841652691
31,65,-0.191927936
31,67,-0.599671543
31,69,-0.284633506
31,71,0.000216575
31,77,-0.535675659
31,79,0.032680759
31,81,-0.293124016
31,83,-0.34002891
31,85,0.355972811
31,87,0.203499207
31,89,-0.128646669
31,91,-0.157790447
31,93,-0.155431848
31,95,-0.498575678
31,97,-0.928707028
31,99,-0.828998843
31,101,-0.290643841
31,103,-0.013504746
31,105,-0.992909668
31,107,-0.131762714
31,109,-1.304102395
31,111,-1.523530322
31,115,-0.096737087
31,117,-0.080236876
31,119,-0.108944803
33,-115,0.039384703
33,-113,-0.682337988
33,-111,-1.154008038
33,-109,-2.92873408
33,-107,-2.421384183
33,-105,-1.060473109
33,-103,0.108725806
33,-101,0.056668348
33,-5,0.552906278
33,-3,0.138684688
33,37,-0.350563395
33,45,0.758177392
33,47,-0.710893864
33,49,-2.170449413
33,51,-1.427630998
33,53,0.118324204
33,55,0.557898565
33,57,-0.051271735
33,59,-1.105513006
33,61,-0.652454353
33,63,-1.666910357
33,65,-1.521803244
33,67,-0.524949551
33,69,-0.375819346
33,71,0.376424848
33,73,-0.798663368
33,75,-0.909016004
33,77,-0.186863434
33,79,-0.309614339
33,81,-0.644390091
33,83,0.073420443
33,85,0.747782075
33,87,0.38872698
33,89,0.759199419
33,91,0.283791778
33,93,-0.23178626
33,95,0.017113262
33,97,0.002192213
33,99,0.323734775
33,101,0.130408156
33,103,0.111177615
33,105,-0.505783701
33,107,-1.224175631
33,109,-1.587594669
33,111,-1.223012954
33,113,-0.872882644
33,115,-0.16983041
33,117,0.070044774
33,119,-0.400029928
35,-119,-1.196693443
35,-117,-0.944919726
35,-115,-0.320483403
35,-113,-1.749162579
35,-111,-1.848041272
35,-109,-2.580573802
35,-107,-2.336878373
35,-105,-1.428379076
35,-103,-0.103432772
35,-101,-0.203681946
35,-99,0.00319696
35,-97,0.192072777
35,-95,0.169119881
35,-93,-3.18507E-05
35,-91,0.487524583
35,-89,0.320755306
35,-87,0.594268675
35,-85,-0.271072061
35,-83,-0.723531705
35,-81,-0.173095495
35,-79,0.493145165
35,1,0.14963661
35,3,0.850768386
35,5,0.213686192
35,7,0.901171802
35,9,1.575867496
35,37,-1.017978405
35,45,-1.207836371
35,47,-2.461979519
35,49,-2.583172342
35,51,-1.284181673
35,53,-0.977329001
35,55,-0.824081541
35,57,-0.688658566
35,59,-1.240343484
35,61,-1.173312045
35,63,-1.846763997
35,65,-1.177782491
35,67,-0.066302832
35,69,0.022119796
35,71,-0.133505074
35,73,-0.519107391
35,75,-0.257232222
35,77,0.40187392
35,79,0.134234786
35,81,0.938099251
35,83,1.159017663
35,85,1.096661652
35,87,0.817495071
35,89,0.513352059
35,91,0.3278919
35,93,0.472206356
35,95,0.237411036
35,97,0.05361099
35,99,0.318154942
35,101,-0.02630762
35,103,-0.479826554
35,105,-0.810510732
35,107,-1.551304732
35,109,-1.058637866
35,111,-1.986516567
35,113,-1.445645404
35,115,-0.355197293
35,117,0.189442784
35,119,-1.027107953
37,-121,0.233703711
37,-119,-0.88633483
37,-117,-0.930321136
37,-115,-1.844200347
37,-113,-1.211940647
37,-111,-0.965457629
37,-109,-1.176261874
37,-107,-1.021354005
37,-105,-1.652916341
37,-103,-1.670376921
37,-101,-1.325079868
37,-99,-0.522783032
37,-97,0.722027866
37,-95,0.286817237
37,-93,0.221424166
37,-91,0.042937138
37,-89,0.121035907
37,-87,0.217862055
37,-85,0.114446383
37,-83,-0.472557846
37,-81,-0.608919187
37,-79,-0.163044152
37,-77,-0.12356853
37,37,-0.978710615
37,39,-0.764667099
37,41,-0.606618924
37,43,-0.999496004
37,47,-2.751236346
37,55,-0.810534649
37,57,-1.100881409
37,59,-0.787976906
37,61,-0.727315981
37,63,-0.420977236
37,65,-1.468556532
37,67,-1.908526628
37,69,-1.059985892
37,71,-0.083464783
37,73,-0.104524009
37,75,0.332305051
37,77,0.36225626
37,79,0.511911983
37,81,0.290262948
37,83,0.20130362
37,85,0.194268031
37,87,0.307819808
37,89,0.177702429
37,91,0.648623138
37,93,0.890730805
37,95,0.303341074
37,97,0.493542803
37,99,0.455715318
37,101,-0.088762752
37,103,-0.496339048
37,105,-1.087732781
37,107,-0.941995753
37,109,-1.444399578
37,111,-1.911159443
37,113,-0.928977345
37,115,-0.22381088
37,117,-0.313039485
39,-121,-0.391890126
39,-119,-0.790204962
39,-117,-1.455684986
39,-115,-1.060755882
39,-113,-1.108209379
39,-111,-1.035963056
39,-109,-1.07744043
39,-107,-0.296774107
39,-105,-1.247569211
39,-103,-2.102743704
39,-101,-1.493175078
39,-99,-1.068361161
39,-97,0.19701551
39,-95,0.3536527
39,-93,0.030878795
39,-91,-0.116828209
39,-89,-0.203292858
39,-87,-0.068720386
39,-85,0.008979524
39,-83,-0.325481346
39,-81,-0.54259047
39,-79,-0.414588361
39,-77,-0.087643146
39,-7,0.288973104
39,-5,0.088537193
39,-3,1.053962243
39,-1,0.917709577
39,29,-1.490143913
39,31,-1.242352016
39,33,-0.890872012
39,35,-0.952195145
39,37,-1.329665342
39,39,-0.765572873
39,41,-0.670563544
39,43,-1.078168299
39,45,-1.258701357
39,47,-1.75471483
39,55,-0.491642807
39,57,-1.107481155
39,59,0.011489181
39,63,-0.236082751
39,65,-0.386525077
39,67,-1.219755124
39,69,-0.980298583
39,71,-0.877909642
39,73,-0.54906487
39,75,-0.180297021
39,77,-0.3448126
39,79,0.24197643
39,81,-0.000685851
39,85,-0.392158361
39,87,0.291123165
39,89,-0.404161672
39,91,-0.279655063
39,93,0.598843813
39,95,-0.10009635
39,97,-0.248632052
39,99,-0.395508147
39,101,-0.320369816
39,103,-0.159925065
39,105,0.308185099
39,107,0.358842369
39,109,0.155378634
39,111,-1.188429638
39,113,-1.278720011
39,115,-0.801949294
41,-123,-0.373658774
41,-121,-0.446805464
41,-119,-0.9220384
41,-117,-0.930256651
41,-115,-0.443865539
41,-113,-0.082848166
41,-111,-0.933343374
41,-109,-0.467303723
41,-107,0.157390429
41,-105,-0.280856055
41,-103,-2.380629837
41,-101,-1.553199559
41,-99,-1.147344284
41,-97,-0.41225838
41,-95,-0.056775599
41,-93,0.172546704
41,-91,0.383721275
41,-89,-0.126293153
41,-87,-0.470322764
41,-85,-0.459359784
41,-81,-0.059330913
41,-79,-0.07208769
41,-77,-0.002216653
41,-75,-0.121433719
41,-7,0.258710462
41,-5,0.73293025
41,-3,0.879885701
41,-1,1.116240473
41,21,-0.792832362
41,23,-0.724640623
41,43,-1.348881604
41,45,-1.062093448
41,47,-1.781233253
41,55,-1.311798835
41,57,-0.73059006
41,59,-0.263833522
41,61,-0.858570036
41,63,-0.617484048
41,65,-0.871166527
41,67,-1.218081369
41,69,-0.865771887
41,71,-0.135663728
41,73,-0.709692363
41,75,-0.271578413
41,77,-0.282631414
41,79,-0.32839512
41,81,0.241124333
41,83,-0.912222914
41,85,-0.933725298
41,87,0.283852198
41,89,0.526220259
41,91,0.816880825
41,93,1.016199878
41,95,0.191830687
41,97,0.152559365
41,99,0.208327383
41,101,0.542403724
41,103,0.752568775
41,105,0.899625599
41,107,-0.014407249
41,109,-0.6702777
41,111,-0.858374347
41,113,-0.531051646
41,115,-0.784883944
41,117,-1.214672392
41,119,-1.044392969
41,123,-0.146084899
41,125,-0.254082529
41,127,0.200170143
43,-123,0.257216965
43,-121,-0.044803855
43,-119,-0.71136473
43,-117,-0.481110015
43,-115,-0.370736444
43,-113,-0.378807467
43,-111,-0.171914092
43,-109,-0.485072817
43,-107,0.31794845
43,-105,-0.176555722
43,-103,-0.84174633
43,-101,-1.179190899
43,-99,-0.620261582
43,-97,-0.00674787
43,-95,0.167588808
43,-93,0.192335765
43,-91,0.465006381
43,-89,0.555851072
43,-85,0.140048806
43,-75,0.015391057
43,-73,-0.059698952
43,1,0.100965179
43,21,-0.603882882
43,23,-0.46334515
43,25,-0.77171492
43,27,-1.308293256
43,43,-1.213741901
43,45,-1.422101894
43,55,-1.724332694
43,57,-1.530368328
43,59,-2.303597535
43,61,-0.8898695
43,63,-0.715697599
43,65,-0.968741968
43,67,-0.878338289
43,69,-0.936271428
43,71,-0.38121367
43,73,0.067708127
43,75,0.035370975
43,79,-0.134383824
43,81,0.471723276
43,83,0.169995439
43,85,0.011189709
43,87,-0.231164742
43,89,0.818760443
43,91,0.074410146
43,93,-0.057206304
43,95,-0.106504391
43,97,0.01390414
43,99,-0.154558331
43,101,-0.185833573
43,103,-0.062536919
43,105,-0.099036567
43,107,-0.290678144
43,109,-0.357369869
43,111,-1.110406556
43,113,-1.179934591
43,115,-0.922325963
43,117,-0.954204633
43,119,-0.331977724
43,121,0.477412612
43,123,-0.029533567
43,125,0.414538918
43,127,0.495446
43,129,0.100241476
45,-123,1.165213055
45,-121,0.308779175
45,-119,-0.32391934
45,-117,-0.326696702
45,-115,-0.04768125
45,-113,0.140323659
45,-111,-0.252907851
45,-109,-0.713511763
45,-107,-0.400758377
45,-105,-0.623028462
45,-103,-0.686276268
45,-101,-0.39872045
45,-99,-0.155131473
45,-97,-0.01264286
45,-95,0.101823215
45,-93,0.379955369
45,-91,0.71668683
45,-89,0.408392265
45,-79,-0.201500365
45,-77,-0.211584684
45,-75,0.175710205
45,-73,-0.10256841
45,-71,0.005853238
45,-69,-0.507660718
45,1,-0.391047008
45,3,-0.973096566
45,5,-1.280707517
45,7,-0.436612121
45,9,0.146740082
45,11,-0.438131916
45,17,-0.957181587
45,19,-0.660082927
45,21,-0.722456767
45,23,-1.325828768
45,25,-1.214967193
45,27,-1.248369286
45,39,-2.131087564
45,41,-1.149917366
45,43,-1.54252007
45,45,-1.552063538
45,55,-1.305432825
45,57,-1.536983688
45,63,-1.8381836
45,65,-1.722244027
45,67,-1.510750252
45,69,-1.351271618
45,71,-1.681008532
45,73,-1.644963091
45,75,-1.784858413
45,77,-1.654182145
45,79,-0.451808848
45,81,-0.125089803
45,83,-0.433105289
45,85,-0.328996032
45,87,-0.356690191
45,89,0.127046752
45,91,0.140133593
45,93,-0.123498339
45,95,0.03183413
45,97,-0.066747871
45,99,-0.322548298
45,101,-0.516088588
45,103,-0.513801045
45,105,-0.751219384
45,107,-1.029606795
45,109,-1.322656463
45,111,-1.62483722
45,113,-1.645869234
45,115,-1.399992363
45,117,-1.129383718
45,119,-0.980432185
45,121,-0.331212849
45,123,-0.051517221
45,125,0.350142213
45,127,0.335276337
45,129,0.31230427
45,131,0.059650546
45,133,0.294807177
45,135,0.725875139
47,-123,1.044862952
47,-121,0.216079533
47,-119,0.301409805
47,-117,0.602081489
47,-115,0.086317057
47,-113,0.611761141
47,-111,0.471516139
47,-109,0.315044057
47,-107,0.041282117
47,-105,0.174411199
47,-103,0.34032199
47,-101,0.494777764
47,-99,0.588508893
47,-97,0.844886624
47,-95,0.491787962
47,-93,0.110749697
47,-83,-0.340178647
47,-81,-0.304395173
47,-79,-0.277776484
47,-77,0.029661446
47,-75,0.056742135
47,-73,0.324121273
47,-71,-1.075662942
47,-69,0.531912936
47,-67,-0.229524367
47,-1,-2.08297E-06
47,1,-0.017662355
47,3,-0.735667071
47,5,-1.197211418
47,7,-0.589799709
47,9,0.096965913
47,11,0.113160625
47,13,-0.614378163
47,15,-0.761933659
47,17,-0.414017446
47,19,-0.265921014
47,21,-0.298821729
47,23,-1.600580186
47,25,-1.783632419
47,27,-1.150361746
47,29,-0.60712143
47,31,-0.653249439
47,33,-0.80993394
47,39,-1.068191784
47,41,-1.330592787
47,43,-1.390406952
47,45,-1.393324056
47,47,-1.239755517
47,49,-1.188102348
47,55,-1.558003899
47,57,-1.21964381
47,59,-1.009212921
47,63,-1.488202406
47,65,-1.95633114
47,67,-2.202341275
47,69,-2.227882473
47,71,-1.265193354
47,73,-1.134936182
47,77,-0.484048915
47,79,-0.239900389
47,81,0.17695841
47,83,-0.492579216
47,85,-1.153328882
47,87,-0.369821343
47,89,0.463349072
47,91,0.137293537
47,93,-0.524229262
47,95,-0.584484358
47,97,-0.443693779
47,99,-0.726173119
47,101,-0.990481047
47,103,-0.58286334
47,105,-0.732267986
47,107,-0.888870316
47,109,-0.771199434
47,111,-0.709980578
47,113,-0.728735192
47,115,-0.687370447
47,117,-0.333434107
47,119,-0.451401807
47,121,0.171439558
47,123,0.604641991
47,125,0.613566112
47,127,0.570119674
47,129,-0.001141195
47,131,0.186526633
47,133,0.800407695
47,135,0.385350476
47,137,0.791663301
49,-121,-0.153558919
49,-119,0.038772429
49,-117,-0.081275254
49,-115,-0.063266273
49,-113,0.326482519
49,-111,0.665851996
49,-109,1.220015315
49,-107,0.718478609
49,-105,0.910594126
49,-103,0.779012154
49,-101,1.49157865
49,-99,1.048423461
49,-97,0.934522722
49,-95,0.512829297
49,-93,0.528838508
49,-91,0.198805902
49,-85,0.078365841
49,-83,-0.721154043
49,-81,-0.14842001
49,-79,0.340295685
49,-77,0.330358162
49,-75,0.310376818
49,-73,0.257712107
49,-71,1.35854268
49,-69,1.346282884
49,-57,0.139760453
49,1,3.33291E-05
49,3,0.019798559
49,5,-0.301267252
49,7,-0.747697379
49,9,-0.582346344
49,11,-1.025984753
49,13,-0.881903915
49,15,-0.665023432
49,17,-0.653760114
49,19,-1.388636943
49,21,-1.176956464
49,23,-1.23470657
49,25,-1.308283088
49,27,-0.696050458
49,29,-0.643627032
49,31,-0.648212775
49,33,-0.702432735
49,35,-1.108847506
49,37,-1.265625883
49,39,-1.073119884
49,41,-0.863305032
49,43,-0.80078994
49,45,-0.653924323
49,47,-0.839090822
49,49,-0.956878325
49,51,-1.461298767
49,53,-1.678077378
49,55,-1.719561452
49,57,-1.141882709
49,59,-1.090457044
49,61,-1.393411976
49,63,-1.836797791
49,65,-1.610906985
49,67,-1.111349427
49,69,-1.186251639
49,71,-0.50046999
49,73,0.339966372
49,75,0.463403032
49,77,0.362890068
49,79,0.436417851
49,81,0.45495692
49,83,0.734685593
49,85,0.073846999
49,87,0.250294332
49,89,0.56800388
49,91,-0.597279182
49,93,-0.758533743
49,95,-0.354497894
49,97,-0.052447243
49,99,-0.158573969
49,101,-0.607280528
49,103,-0.066575368
49,105,-0.551577836
49,107,-0.499880368
49,109,-0.03899446
49,111,-0.013648646
49,113,-0.203445948
49,115,0.223529401
49,117,0.039058426
49,119,0.025928611
49,121,0.369445263
49,123,0.187135106
49,125,0.111718041
49,127,-0.042998328
49,129,-0.294211934
49,131,-0.07766344
49,133,0.367597243
49,135,0.518068289
49,137,0.267443713
49,139,0.316511578
51,-127,-0.502472729
51,-125,-1.747202246
51,-123,-0.554998145
51,-121,0.599908563
51,-119,0.217999148
51,-117,0.843790344
51,-115,1.102400038
51,-113,1.122280872
51,-111,0.602053448
51,-109,0.571623641
51,-107,0.953510866
51,-105,0.959016201
51,-103,0.528534297
51,-101,0.905201525
51,-99,0.740379763
51,-95,-0.053415535
51,-93,-0.243789367
51,-91,-0.317118547
51,-89,0.618383557
51,-87,0.707619811
51,-85,0.651371248
51,-83,0.550563177
51,-81,0.135854717
51,-77,0.355666033
51,-75,-0.114283295
51,-73,-0.005038648
51,-71,0.018561021
51,-69,0.21786561
51,-67,0.533948737
51,-65,-0.168441972
51,-63,0.347049413
51,-61,0.947210926
51,5,-0.656645574
51,7,-0.541961083
51,9,-0.770797896
51,11,-0.594032132
51,13,-0.615154631
51,15,-0.386422538
51,17,-0.514569957
51,19,-0.427557829
51,21,-0.450758006
51,23,-0.497445701
51,25,-0.779396544
51,27,-0.940497441
51,29,-0.789040938
51,31,-0.783461181
51,33,-0.764692353
51,35,-1.056569438
51,37,-1.36370967
51,39,-1.061035709
51,41,-0.921615336
51,43,-0.99935098
51,45,-1.195567885
51,47,-0.514749753
51,49,-0.889781224
51,51,-1.334934573
51,53,-0.969536591
51,55,-0.915693765
51,57,-0.78431766
51,59,-1.211878793
51,61,-1.058621111
51,63,-1.14321703
51,65,-1.007373757
51,67,-0.354105967
51,69,-0.048841597
51,71,-0.216477498
51,73,0.099544552
51,75,0.186117406
51,77,0.226362996
51,79,0.655531348
51,81,0.829329447
51,83,0.741564941
51,85,0.037854027
51,87,-0.365401479
51,89,-0.006991278
51,91,-0.499306679
51,95,0.088981015
51,97,-0.040516793
51,99,-0.190214697
51,101,-0.312016898
51,103,0.143073391
51,105,-0.403561124
51,107,-0.722013467
51,109,0.282273195
51,111,0.166096572
51,113,-0.13094257
51,115,-0.098332469
51,117,-0.273758756
51,119,-0.479767714
51,121,-0.36603991
51,123,-0.370610337
51,125,-0.309783019
51,127,-0.156030327
51,129,-0.553355809
51,131,-0.55350249
51,133,-0.07861644
51,135,-0.121547668
51,137,-0.312365116
51,139,-0.843624501
53,-127,-0.362492155
53,-125,-0.142878237
53,-123,1.551739142
53,-121,0.66529409
53,-119,0.539144041
53,-117,0.949854896
53,-115,1.411940651
53,-113,1.209932788
53,-111,0.668070796
53,-109,0.627290297
53,-107,0.934487795
53,-105,0.939700861
53,-103,0.759374591
53,-95,-0.359503328
53,-93,-0.562771915
53,-91,-0.615132403
53,-89,-0.370614581
53,-87,0.060684268
53,-85,0.098611344
53,-83,-0.028359726
53,-77,-0.176966793
53,-75,-0.125190849
53,-73,-0.1408315
53,-71,-0.126762046
53,-69,-0.115486359
53,-67,0.05423644
53,-65,-0.005513071
53,-63,-0.142649579
53,-61,-0.12226014
53,-59,0.389396248
53,-57,0.135652562
53,-9,-9.54973E-05
53,-7,-0.28039601
53,-1,-0.141098472
53,9,-0.720226996
53,11,-0.704101066
53,13,-0.741846922
53,15,-0.924337053
53,17,-0.897890935
53,19,-0.389209217
53,21,-0.856297102
53,23,-0.912307215
53,25,-1.253115554
53,27,-0.944775735
53,29,-0.592815251
53,31,-0.384117769
53,33,-0.557142708
53,35,-1.015366055
53,37,-1.029297304
53,39,-0.86096061
53,41,-0.930517289
53,43,-0.556565416
53,45,-0.545959425
53,47,-0.538317285
53,49,-0.339831048
53,51,-0.692672199
53,53,-0.807819468
53,55,-0.295229129
53,57,-0.175446319
53,59,-0.536242066
53,61,-0.574426875
53,63,-0.156323477
53,65,-0.158405282
53,67,-0.174429556
53,69,-0.174626128
53,71,-0.016582548
53,73,-0.642125075
53,75,-0.718854494
53,77,-0.50923283
53,79,-0.486952856
53,81,-0.220256881
53,83,-0.253073622
53,85,0.36853956
53,87,0.644866634
53,89,0.365210689
53,91,0.176827093
53,93,0.823544381
53,95,0.720301745
53,97,0.19283574
53,99,-0.626642742
53,101,-0.581356172
53,103,-0.353430943
53,105,-0.202206481
53,111,0.408563412
53,113,0.377278584
53,115,0.168361162
53,117,-0.259650829
53,119,-0.399695909
53,121,-0.185977064
53,123,0.047545636
53,125,0.134119496
53,127,-0.183043309
53,129,-0.122794811
53,131,-0.008153558
53,133,0.227230446
53,135,0.174180902
53,137,-0.327220153
53,139,0.006923478
53,157,0.502359141
55,-129,-0.387681279
55,-127,-0.039350866
55,-125,0.075900822
55,-123,0.504049282
55,-121,0.888276819
55,-119,1.42974936
55,-117,1.286176633
55,-115,0.820191573
55,-113,0.651491221
55,-111,0.535984896
55,-109,0.968328559
55,-107,1.148120354
55,-105,0.881231937
55,-103,0.723455703
55,-101,0.414913731
55,-99,-0.173997862
55,-97,-0.772629189
55,-95,-0.924155615
55,-93,-0.816572969
55,-91,-0.459309142
55,-89,-0.760230432
55,-77,-0.558089236
55,-75,-0.843349705
55,-73,-0.829233072
55,-71,-0.664893644
55,-69,-0.53986855
55,-67,-0.388824261
55,-65,-0.362823137
55,-63,0.309735196
55,-3,-0.547387307
55,23,-1.210052935
55,25,-1.50624203
55,27,-0.985503548
55,29,-0.771712024
55,31,-0.503621535
55,33,-0.544598748
55,35,-0.699405839
55,37,-0.873123077
55,39,-0.804413697
55,41,-0.742927177
55,43,-0.451587947
55,45,-0.184232593
55,47,0.022731727
55,49,0.202691362
55,51,-0.233954318
55,53,-0.442474818
55,55,-0.146788646
55,57,0.027667106
55,59,0.414206806
55,61,-0.099556437
55,63,-0.171424048
55,65,0.09245363
55,67,-0.118635745
55,69,-0.36031231
55,71,-0.27809609
55,73,-0.098244299
55,75,-0.296513134
55,77,-0.325712218
55,79,0.006917
55,81,-0.059922204
55,83,0.145164544
55,85,0.153137248
55,87,0.123671997
55,89,0.39278553
55,91,1.110779487
55,93,1.028511849
55,95,0.327467653
55,97,0.389086218
55,99,0.574071016
55,101,0.443106069
55,103,0.141395713
55,105,-0.093759297
55,107,0.028040621
55,111,0.386901625
55,113,0.048346581
55,115,-0.039834026
55,117,0.065623197
55,119,-0.008175116
55,121,-0.17222141
55,123,0.245518939
55,125,0.621942508
55,127,0.451516759
55,129,0.364165842
55,131,0.747420327
55,133,0.747298703
55,135,0.62706441
55,157,0.141984691
55,159,0.372655669
57,-131,-0.725468223
57,-129,-0.578724092
57,-127,-0.196858775
57,-125,-0.108494226
57,-123,0.198660389
57,-121,0.471067157
57,-119,0.542239733
57,-117,0.255796989
57,-115,0.178994311
57,-113,0.155612307
57,-111,0.367962882
57,-109,0.51646889
57,-107,0.404421035
57,-105,0.120147809
57,-101,-0.40131291
57,-99,-0.491204608
57,-97,-0.809922682
57,-95,-1.294393524
57,-75,-1.312522662
57,-73,-1.357017192
57,-71,-0.979006049
57,-69,-0.656340763
57,-67,-0.634422644
57,-65,-0.288751641
57,-63,-0.044836997
57,-5,-1.155042742
57,-3,-0.991934142
57,15,-0.941347336
57,27,-1.207995958
57,29,-1.053478085
57,31,-0.758216175
57,33,-0.627005172
57,35,-0.683471312
57,37,-0.562508299
57,39,-0.554621758
57,41,-0.412851284
57,43,-0.286612831
57,45,-0.014166846
57,47,-0.040123241
57,49,-0.034899836
57,51,-0.021143181
57,53,-0.053807064
57,55,0.075690572
57,57,0.223005039
57,59,0.194358664
57,61,-0.182228564
57,63,-0.286219655
57,65,0.095259303
57,67,0.259673343
57,69,0.155939086
57,71,0.027347382
57,73,-0.003026906
57,75,0.040844278
57,77,0.270886768
57,79,0.353202841
57,81,0.482284334
57,83,0.376988125
57,85,0.229594215
57,87,0.139821871
57,89,0.296199117
57,91,0.652187665
57,93,0.560428662
57,95,0.485231338
57,97,0.445053965
57,99,0.47717667
57,101,0.488400553
57,103,0.469760996
57,105,0.271053101
57,107,0.120216366
57,109,0.218292277
57,111,0.164223028
57,113,-0.013977483
57,115,-0.273087526
57,117,0.017859006
57,119,0.027575658
57,121,-0.058121018
57,123,-0.008030575
57,125,0.065611784
57,127,-0.049785606
57,129,0.32578091
57,131,0.488548231
57,133,0.536720735
57,135,0.518471167
57,137,0.72165012
57,159,0.309607677
57,161,0.689120073
59,-135,-0.819594667
59,-133,-0.619978442
59,-131,-0.188637989
59,-129,0.27583501
59,-127,0.074615171
59,-125,-0.045319959
59,-123,0.023513529
59,-121,0.042602908
59,-119,-0.078357644
59,-117,-0.21205304
59,-115,-0.300873068
59,-113,-0.392418889
59,-111,-0.213076304
59,-107,0.031681596
59,-105,0.010783023
59,-103,-0.334533353
59,-101,-0.54057342
59,-99,-0.659371964
59,-97,-0.659874548
59,-77,-0.505023645
59,-75,-1.407376701
59,-73,-1.585314719
59,-71,-1.382856412
59,7,-0.651237797
59,13,-1.313948657
59,15,-1.129892402
59,29,-0.898598881
59,31,-1.162834583
59,33,-0.783454465
59,35,-0.883986979
59,37,-0.522674893
59,41,-0.33135356
59,43,-0.156845613
59,45,-0.267277403
59,47,-0.106903164
59,49,-0.10471532
59,51,-0.106885983
59,53,-0.062250479
59,55,-0.080288351
59,57,-0.223154377
59,59,0.010240284
59,61,-0.246557088
59,63,-0.204847897
59,65,0.105124844
59,67,0.421580581
59,69,0.513173759
59,71,0.455639465
59,73,0.426763358
59,75,0.409605274
59,77,0.356680609
59,79,0.283436103
59,81,0.407301252
59,83,0.448172829
59,85,0.456985667
59,87,0.444022973
59,89,0.396906272
59,91,0.154518853
59,93,0.126776972
59,95,0.464835089
59,97,0.39600808
59,99,0.216695298
59,101,0.069550697
59,103,0.191776871
59,105,0.138034916
59,107,0.170709503
59,109,0.125608588
59,111,0.141814798
59,113,0.22786489
59,115,0.361758397
59,117,-0.024990188
59,119,0.039394579
59,121,-0.021378057
59,123,0.047106596
59,125,0.212056209
59,127,0.208799511
59,129,0.413737449
59,131,0.371082503
59,133,0.235468054
59,135,0.30567535
59,137,0.494815153
59,139,0.37399297
61,-163,0.015026524
61,-161,-0.147544992
61,-159,-0.47063976
61,-157,-0.592641129
61,-155,-0.428075104
61,-153,-0.516176881
61,-151,-0.553578317
61,-149,-0.381481638
61,-145,-0.295287899
61,-143,-0.205308992
61,-141,-0.175400105
61,-139,-0.826708535
61,-137,-0.604757181
61,-135,-0.067855634
61,-133,0.314726899
61,-131,0.473840463
61,-129,0.272088517
61,-127,0.037723015
61,-125,-0.105549929
61,-123,0.09102915
61,-121,0.023593563
61,-119,-0.198430257
61,-117,0.013804692
61,-111,-0.027597091
61,-109,0.436029487
61,-107,0.195553461
61,-105,0.15377744
61,-103,-0.019399326
61,-101,-0.157060539
61,-99,-0.168824754
61,-97,-0.428327524
61,-95,0.050392052
61,-77,-0.522385991
61,-75,-0.52204019
61,-73,-0.476177477
61,7,-0.638892021
61,9,-0.087363002
61,11,0.006951682
61,13,-1.26073331
61,15,-2.029311168
61,23,-2.425395619
61,25,-2.11831174
61,27,-2.147267441
61,37,-0.29139598
61,39,-0.448035968
61,41,-0.261018329
61,43,-0.280322328
61,45,-0.202175524
61,47,-0.044164929
61,49,-0.13437283
61,51,-0.123439627
61,53,-0.014839246
61,55,0.105789087
61,57,0.030570861
61,59,0.192420729
61,61,-0.120707707
61,63,-0.246730763
61,65,-0.135449439
61,67,0.026458787
61,69,0.108636412
61,71,-0.011798846
61,73,0.071334692
61,75,0.200352226
61,77,0.231863172
61,79,0.081281376
61,81,0.207154127
61,83,0.324160078
61,85,0.242845079
61,87,-0.04108007
61,89,-0.193240544
61,91,0.100064681
61,93,0.245577314
61,95,0.129224182
61,97,0.018189591
61,99,0.059291099
61,101,0.085807317
61,103,0.110362406
61,105,0.152178031
61,107,0.171200334
61,109,0.117792481
61,111,0.10950982
61,113,0.159112187
61,115,0.221349112
61,117,0.044095608
61,119,-0.067482475
61,121,-0.115248094
61,123,0.018842606
61,125,0.068789796
61,127,0.29165176
61,129,0.305816593
61,131,0.183016202
61,133,0.211578281
61,135,0.263719482
61,137,0.313038816
61,139,0.239296487
61,141,-0.074444085
61,143,-0.168441871
61,145,-0.009389331
61,147,0.120616766
61,149,-0.059083566
61,151,-0.143589313
61,153,0.729611317
61,155,0.122622957
61,165,0.527343096
63,-159,0.090938433
63,-157,-0.35848453
63,-155,-0.336658057
63,-153,-0.177918885
63,-151,-0.358240239
63,-149,-0.445954474
63,-147,-0.36242787
63,-145,-0.380135025
63,-143,-0.132446088
63,-141,-0.386468115
63,-139,-0.193785032
63,-137,0.083811197
63,-135,0.287400029
63,-133,0.502181884
63,-131,0.284329065
63,-129,0.154572695
63,-127,0.019221668
63,-125,-0.05364808
63,-123,-0.19665187
63,-121,-0.071766723
63,-119,0.053903498
63,-117,0.341397275
63,-115,-0.383224291
63,-113,-0.314965299
63,-111,-0.226287496
63,-109,-0.098731285
63,-107,-0.332477646
63,-105,-0.303209707
63,-103,0.176687096
63,-101,0.043152185
63,-99,0.217760806
63,-97,-0.440864573
63,-95,-0.466634892
63,11,-0.867407941
63,13,-0.591897101
63,15,-1.570689679
63,17,-1.995993273
63,25,-1.461250112
63,27,-0.956237945
63,29,-0.796658259
63,31,-1.096298599
63,33,-0.476247607
63,35,-0.232242701
63,37,-0.232090602
63,39,-0.673391808
63,41,-0.343539087
63,43,-0.069882084
63,45,-0.039612596
63,47,-0.068449617
63,49,-0.057343879
63,51,-0.125266234
63,53,-0.198393153
63,55,-0.139035726
63,57,-0.0743937
63,59,0.120741133
63,61,-0.005854775
63,63,-0.051319029
63,65,-0.079092527
63,67,0.049200231
63,69,0.104639594
63,71,-0.000144453
63,73,-0.033502682
63,75,-0.097383876
63,77,-0.106845682
63,79,0.042121726
63,81,0.043322959
63,83,0.075832877
63,85,0.118116963
63,87,-0.025361341
63,89,-0.210895964
63,91,-0.055611855
63,93,0.057772546
63,95,0.119942343
63,97,0.128736566
63,99,0.153092733
63,101,0.250804313
63,103,0.306782419
63,105,0.230491444
63,107,0.140458327
63,109,0.164373017
63,111,0.42940501
63,113,0.452883906
63,115,0.020404244
63,117,-0.117748905
63,119,-0.000114999
63,121,0.082473065
63,123,0.116528485
63,125,0.121461604
63,127,0.06376162
63,129,0.145739636
63,131,0.130288269
63,133,0.276866164
63,135,0.213991382
63,137,0.234988081
63,139,0.431741704
63,141,0.403723384
63,143,0.346503707
63,145,0.341588447
63,147,0.145215708
63,149,0.127015155
63,151,0.641819419
63,153,0.967519737
63,155,0.798355694
63,157,0.798135793
63,159,1.045264427
63,161,1.010850688
63,163,0.365972678
63,167,-0.161897456
63,169,0.147012746
63,171,0.467797656
63,173,0.298844737
63,175,0.129847272
65,-159,-0.711870509
65,-157,-0.268352647
65,-155,-0.089149111
65,-153,-0.13679368
65,-151,-0.020346053
65,-149,-0.025942121
65,-147,0.220412099
65,-145,0.068543878
65,-143,-0.394664574
65,-141,-0.137920073
65,-139,0.012581153
65,-137,-0.262377257
65,-135,-0.09765273
65,-133,0.091249051
65,-131,0.048618026
65,-129,0.014666164
65,-127,0.016822711
65,-125,-0.220747742
65,-119,-0.246051915
65,-117,-0.215400675
65,-115,0.102720553
65,-113,0.047699837
65,-111,-0.089244994
65,-109,-0.447848253
65,-107,-0.738254421
65,-105,-0.463338336
65,-103,-0.29393742
65,-101,-0.216622521
65,-99,-0.263318182
65,-97,-0.504428173
65,-95,-0.766332675
65,-93,-0.61311379
65,-91,-0.113584959
65,-71,-0.624049136
65,-69,-1.302098662
65,-21,-0.937720844
65,-19,-0.444562215
65,-17,-0.247388324
65,-15,-0.554818994
65,13,-0.762453817
65,15,-0.270253559
65,17,-0.463889683
65,19,-0.803873661
65,27,0.021071214
65,29,0.188217283
65,31,0.118860245
65,33,-0.155141419
65,41,0.041752892
65,43,0.114364777
65,45,0.048491049
65,47,-0.202805347
65,49,-0.112579237
65,51,0.036794322
65,53,-0.046776876
65,55,-0.14451999
65,57,-0.090852977
65,59,0.131573123
65,61,0.30969106
65,63,0.275760548
65,65,0.281172217
65,67,0.164595598
65,69,-0.044503935
65,71,-0.031716179
65,73,-0.10067647
65,75,0.016395407
65,77,0.030867871
65,79,0.048787464
65,81,0.0186863
65,83,0.032866027
65,85,0.054539107
65,87,0.069908578
65,89,0.025569288
65,91,0.09479595
65,93,0.049312964
65,95,0.005677543
65,97,0.054198526
65,99,0.111629025
65,101,0.122480201
65,103,0.141749425
65,105,0.109980576
65,107,0.054750484
65,109,0.047059365
65,111,0.090499203
65,113,0.115040156
65,115,0.037655294
65,117,-0.010042533
65,119,-0.114515048
65,121,-0.133687145
65,123,-0.074739589
65,125,-0.091712336
65,127,0.146955829
65,129,0.301744846
65,131,0.253500827
65,133,0.336100098
65,135,0.358831779
65,137,0.286416155
65,139,0.230756754
65,141,0.129286166
65,143,0.208540983
65,145,0.403019971
65,147,0.587468067
65,149,0.850290285
65,151,0.811173087
65,153,0.692133691
65,155,0.735388948
65,157,0.681217142
65,159,0.571025676
65,161,0.47548832
65,163,0.443371513
65,165,0.41984999
65,167,0.283227849
65,169,0.272435033
65,171,0.332636683
65,173,0.315494972
65,175,0.449556365
67,-177,-0.088962787
67,-159,-0.460559317
67,-157,0.034566702
67,-155,0.446704883
67,-153,0.125879066
67,-151,0.187792711
67,-149,0.142337242
67,-147,-0.004620932
67,-145,-0.347854673
67,-143,-0.851614224
67,-141,-0.763422799
67,-139,-0.730046043
67,-137,-0.337890043
67,-135,-0.179588429
67,-133,-0.092088501
67,-131,0.01018163
67,-129,-0.001568276
67,-127,-0.057263862
67,-125,-0.244891835
67,-119,-0.166811061
67,-117,-0.106118199
67,-115,-0.411591521
67,-113,-0.536293388
67,-111,-0.556586039
67,-105,-0.68386663
67,-103,-0.502525397
67,-101,-0.478758057
67,-99,-0.432964314
67,-97,-0.476052564
67,-93,0.210925105
67,-91,-0.466689144
67,-89,-1.012924088
67,-69,-1.155225596
67,-67,0.010347925
67,17,0.008844525
67,19,0.522238318
67,21,0.599976035
67,23,0.091390949
67,25,0.284814768
67,27,0.007837347
67,29,-0.186209696
67,31,0.219459358
67,33,0.211775057
67,37,0.051226179
67,39,-0.109896768
67,49,-0.353091857
67,51,-0.374122065
67,53,-0.165196292
67,55,-0.05839466
67,57,0.166146574
67,59,0.343690092
67,61,0.156222907
67,63,0.158723618
67,65,0.076054459
67,67,0.081213098
67,69,-0.590396596
67,75,0.414727564
67,77,0.129591597
67,79,0.164408385
67,81,0.287006622
67,83,0.251009417
67,85,0.188713537
67,87,0.189892232
67,89,0.288516147
67,91,0.196310497
67,93,-0.053587485
67,95,-0.112403381
67,97,-0.035088317
67,99,0.053952058
67,101,0.098769205
67,103,0.055477881
67,105,-0.043796406
67,107,-0.172670338
67,109,-0.218504567
67,111,-0.106548149
67,113,-0.018210549
67,115,-0.122076687
67,117,-0.094033687
67,119,-0.092580841
67,121,-0.160086369
67,123,-0.191522023
67,125,-0.092501233
67,127,-0.025325079
67,129,0.05928218
67,131,0.040644602
67,133,0.060706961
67,135,0.123390289
67,137,0.134414471
67,139,0.292511333
67,141,0.305030549
67,143,0.465283862
67,145,0.727069344
67,147,0.947201636
67,149,1.013893899
67,151,1.02621903
67,153,0.953628131
67,155,0.886328955
67,157,0.858308106
67,159,0.803908799
67,161,0.747695814
67,163,0.798460948
67,165,0.637034103
67,167,0.528201263
67,169,0.584268843
67,171,0.700782588
67,173,0.732214905
67,175,0.72022516
67,177,0.808466945
69,-161,-0.165761754
69,-159,1.535924261
69,-157,0.553120571
69,-155,0.565072147
69,-153,0.6615223
69,-151,0.045363363
69,-149,0.207230432
69,-147,0.31012243
69,-145,0.181384662
69,-131,-0.242160772
69,-129,-0.169798389
69,-127,-0.049126841
69,-121,-0.141943796
69,-93,-0.789339742
69,-83,-1.445837707
69,-73,0.257609913
69,-71,-0.055273736
69,-69,-0.044254268
69,21,-0.333977601
69,23,-0.022861188
69,25,0.395630458
69,27,0.122780702
69,29,-0.216336046
69,31,-0.373060482
69,71,-0.546047
69,75,-0.81677771
69,79,0.281479012
69,81,0.256949178
69,83,0.129295474
69,85,-0.064280408
69,87,-0.086105029
69,89,-0.048590263
69,91,0.02721489
69,93,0.003865832
69,95,0.104778646
69,97,0.162871166
69,99,0.207906251
69,101,0.187215962
69,103,-0.00560563
69,105,-0.147990949
69,107,-0.282792716
69,109,-0.301495564
69,111,-0.299533136
69,113,-0.287218205
69,115,-0.281093453
69,117,-0.193873995
69,119,-0.029382015
69,121,-0.033947427
69,123,-0.142448823
69,125,-0.124591751
69,127,0.221220995
69,129,0.419704644
69,131,0.378670097
69,133,0.25246357
69,135,0.276833951
69,137,0.402920491
69,139,0.450974796
69,141,0.559196109
69,143,0.781587337
69,145,0.95590203
69,147,1.041931096
69,149,1.053381981
69,151,1.06705668
69,153,0.984085053
69,155,0.946938815
69,157,0.917627535
69,159,1.526954648
69,163,0.036932063
69,167,0.07952906
69,171,-0.138064748
69,173,0.010387061
69,175,0.168860114
69,177,0.261637625
71,-111,-0.577485579
71,-109,-0.34788423
71,-107,-0.339944998
71,-105,-0.584880326
71,-87,-0.873849478
71,-83,-0.596883191
71,-81,0.201069135
71,-79,0.119983952
71,-77,-0.005024939
71,-75,0.081862698
71,69,-0.160391178
71,71,-0.531991866
71,75,-0.44712675
71,79,-0.37904939
71,81,-0.457058325
71,83,-0.568572245
71,85,-0.228140168
71,87,-0.305339095
71,89,-0.263700557
71,91,-0.173033397
71,93,-0.049176041
71,95,-0.002180468
71,97,0.098466685
71,99,0.018186682
71,101,0.005831902
71,103,-0.145541073
71,105,-0.17603894
71,107,-0.213428776
71,109,-0.207502864
71,111,-0.210513076
71,113,-0.195118188
71,115,-0.194504194
71,117,-0.122076996
71,119,-0.044452138
71,121,0.090136832
71,123,0.130694883
71,125,0.081060455
71,127,0.558557598
71,141,-0.154231399
71,143,0.598138438
71,145,-0.009024737
71,147,0.043796659
71,149,-0.029482867
73,-123,-0.804291146
73,-121,-0.766658941
73,-117,-0.854413704
73,-99,-0.823621138
73,-87,-0.660049253
73,-83,-0.325887051
73,55,-0.116151011
73,83,-0.283555897
73,85,-0.203587568
73,87,-0.277515669
73,89,0.123861753
73,91,0.100876026
73,93,0.090314915
73,95,0.03792253
73,97,3.59405E-06
73,99,-0.043932486
73,101,-0.193057741
73,103,-0.246447497
73,105,-0.156390034
73,111,-0.73342367
75,93,-0.293042312
75,95,-0.255403833
75,97,-0.287498872
75,99,-0.321179896
75,101,-0.242714058
75,103,-0.25399711
75,105,-0.072861272
75,107,-0.236881375
75,109,-0.651229192
77,-95,-1.239100743
77,-87,-1.328356565
77,-85,-0.948077294
79,-91,-1.222536842
79,-83,-1.280355209
79,-81,-0.527142711
79,-79,-0.142324545
79,-77,-0.512660343
79,15,-0.409330138
79,17,-0.283256769
79,19,-0.278563729
81,-85,-1.44439435
81,-83,-0.413036784
81,-81,-0.621872394
81,-79,-0.567990397
81,-77,-0.538705783
81,-75,-0.692644026
81,-73,-0.590698844
81,-71,-0.957402021